"Time","Value","Commodity","Country"
2009-01-01,330.33,"Rice","THI"
2009-02-01,333,"Rice","THI"
2009-03-01,335,"Rice","THI"
2009-04-01,341,"Rice","THI"
2009-05-01,316.4,"Rice","THI"
2009-06-01,319.67,"Rice","THI"
2009-07-01,322.6,"Rice","THI"
2009-08-01,309.75,"Rice","THI"
2009-09-01,306.5,"Rice","THI"
2009-10-01,302.6,"Rice","THI"
2009-11-01,338.5,"Rice","THI"
2009-12-01,394.25,"Rice","THI"
2010-01-01,426.25,"Rice","THI"
2010-02-01,410.5,"Rice","THI"
2010-03-01,388.5,"Rice","THI"
2010-04-01,341.25,"Rice","THI"
2010-05-01,320,"Rice","THI"
2010-06-01,327.25,"Rice","THI"
2010-07-01,345.4,"Rice","THI"
2010-08-01,372.5,"Rice","THI"
2010-09-01,413.5,"Rice","THI"
2010-10-01,430.5,"Rice","THI"
2010-11-01,430.25,"Rice","THI"
2010-12-01,423.2,"Rice","THI"
2011-01-01,411.75,"Rice","THI"
2011-02-01,433,"Rice","THI"
2011-03-01,429,"Rice","THI"
2011-04-01,423.25,"Rice","THI"
2011-05-01,418.75,"Rice","THI"
2011-06-01,420.75,"Rice","THI"
2011-07-01,444.6,"Rice","THI"
2011-08-01,470.75,"Rice","THI"
2011-09-01,497,"Rice","THI"
2011-10-01,505,"Rice","THI"
2011-11-01,553,"Rice","THI"
2011-12-01,560.2,"Rice","THI"
2012-01-01,515,"Rice","THI"
2012-02-01,530,"Rice","THI"
2012-03-01,542.75,"Rice","THI"
2012-04-01,546,"Rice","THI"
2012-05-01,553.75,"Rice","THI"
2012-06-01,544.6,"Rice","THI"
2012-07-01,536.5,"Rice","THI"
2012-08-01,531.8,"Rice","THI"
2012-09-01,540,"Rice","THI"
2012-10-01,544.5,"Rice","THI"
2012-11-01,544.6,"Rice","THI"
2012-12-01,546.25,"Rice","THI"
2013-01-01,557.67,"Rice","THI"
2013-02-01,562,"Rice","THI"
2013-03-01,556.75,"Rice","THI"
2013-04-01,551.33,"Rice","THI"
2013-05-01,539.2,"Rice","THI"
2013-06-01,517.5,"Rice","THI"
2013-07-01,509,"Rice","THI"
2013-08-01,472.2,"Rice","THI"
2013-09-01,406.5,"Rice","THI"
2013-10-01,404.75,"Rice","THI"
2013-11-01,375.5,"Rice","THI"
2013-12-01,347,"Rice","THI"
2014-01-01,308.75,"Rice","THI"
2014-02-01,311,"Rice","THI"
2014-03-01,311.75,"Rice","THI"
2014-04-01,307,"Rice","THI"
2014-05-01,298.4,"Rice","THI"
2014-06-01,313.25,"Rice","THI"
2014-07-01,325,"Rice","THI"
2014-08-01,342.6,"Rice","THI"
2014-09-01,336.25,"Rice","THI"
2014-10-01,345,"Rice","THI"
2014-11-01,338,"Rice","THI"
2014-12-01,331.5,"Rice","THI"
2015-01-01,329.5,"Rice","THI"
2015-02-01,330.67,"Rice","THI"
2015-03-01,329.75,"Rice","THI"
2015-04-01,332.67,"Rice","THI"
2015-05-01,325.67,"Rice","THI"
2015-06-01,326.75,"Rice","THI"
2015-07-01,321.4,"Rice","THI"
2015-08-01,323.75,"Rice","THI"
2015-09-01,315.75,"Rice","THI"
2015-10-01,323,"Rice","THI"
2015-11-01,329,"Rice","THI"
2015-12-01,331.5,"Rice","THI"
2016-01-01,330.75,"Rice","THI"
2016-02-01,338.75,"Rice","THI"
2016-03-01,342.75,"Rice","THI"
2016-04-01,350.75,"Rice","THI"
2016-05-01,355.33,"Rice","THI"
2016-06-01,356.25,"Rice","THI"
2016-07-01,361.5,"Rice","THI"
2016-08-01,367,"Rice","THI"
2016-09-01,357.8,"Rice","THI"
2016-10-01,349.25,"Rice","THI"
2016-11-01,332.5,"Rice","THI"
2016-12-01,331.25,"Rice","THI"
2017-01-01,336,"Rice","THI"
2017-02-01,339,"Rice","THI"
2017-03-01,340.4,"Rice","THI"
2017-04-01,332,"Rice","THI"
2017-05-01,321.67,"Rice","THI"
2017-06-01,336.6,"Rice","THI"
2017-07-01,337,"Rice","THI"
2017-08-01,339,"Rice","THI"
2017-09-01,336.6,"Rice","THI"
2017-10-01,327.5,"Rice","THI"
2017-11-01,329.67,"Rice","THI"
2017-12-01,337.8,"Rice","THI"
2009-01-01,341.6,"Rice","PAK"
2009-02-01,353.33,"Rice","PAK"
2009-03-01,350,"Rice","PAK"
2009-04-01,360,"Rice","PAK"
2009-05-01,360,"Rice","PAK"
2009-06-01,340,"Rice","PAK"
2009-07-01,340,"Rice","PAK"
2009-08-01,370,"Rice","PAK"
2009-09-01,360,"Rice","PAK"
2009-10-01,317.5,"Rice","PAK"
2009-11-01,345,"Rice","PAK"
2009-12-01,380,"Rice","PAK"
2010-01-01,401.25,"Rice","PAK"
2010-02-01,363.75,"Rice","PAK"
2010-03-01,354.5,"Rice","PAK"
2010-04-01,324.6,"Rice","PAK"
2010-05-01,323.25,"Rice","PAK"
2010-06-01,340,"Rice","PAK"
2010-07-01,360.25,"Rice","PAK"
2010-08-01,354.75,"Rice","PAK"
2010-09-01,382.5,"Rice","PAK"
2010-10-01,404.4,"Rice","PAK"
2010-11-01,428.75,"Rice","PAK"
2010-12-01,430.8,"Rice","PAK"
2011-01-01,428,"Rice","PAK"
2011-02-01,427.75,"Rice","PAK"
2011-03-01,426,"Rice","PAK"
2011-04-01,423.8,"Rice","PAK"
2011-05-01,430.5,"Rice","PAK"
2011-06-01,454,"Rice","PAK"
2011-07-01,467,"Rice","PAK"
2011-08-01,466,"Rice","PAK"
2011-09-01,455,"Rice","PAK"
2011-10-01,418,"Rice","PAK"
2011-11-01,405,"Rice","PAK"
2011-12-01,391,"Rice","PAK"
2012-01-01,379,"Rice","PAK"
2012-02-01,379,"Rice","PAK"
2012-03-01,415,"Rice","PAK"
2012-04-01,411,"Rice","PAK"
2012-05-01,412,"Rice","PAK"
2012-06-01,411,"Rice","PAK"
2012-07-01,404,"Rice","PAK"
2012-08-01,396,"Rice","PAK"
2012-09-01,399,"Rice","PAK"
2012-10-01,395,"Rice","PAK"
2012-11-01,380,"Rice","PAK"
2012-12-01,368,"Rice","PAK"
2013-01-01,370,"Rice","PAK"
2013-02-01,372,"Rice","PAK"
2013-03-01,382,"Rice","PAK"
2013-04-01,378,"Rice","PAK"
2013-05-01,384,"Rice","PAK"
2013-06-01,408,"Rice","PAK"
2013-07-01,396,"Rice","PAK"
2013-08-01,376,"Rice","PAK"
2013-09-01,356,"Rice","PAK"
2013-10-01,342,"Rice","PAK"
2013-11-01,345,"Rice","PAK"
2013-12-01,349,"Rice","PAK"
2014-01-01,356,"Rice","PAK"
2014-02-01,356,"Rice","PAK"
2014-03-01,374,"Rice","PAK"
2014-04-01,376,"Rice","PAK"
2014-05-01,382,"Rice","PAK"
2014-06-01,385,"Rice","PAK"
2014-07-01,390,"Rice","PAK"
2014-08-01,392,"Rice","PAK"
2014-09-01,359,"Rice","PAK"
2014-10-01,345,"Rice","PAK"
2014-11-01,352,"Rice","PAK"
2014-12-01,331,"Rice","PAK"
2015-01-01,326,"Rice","PAK"
2015-02-01,316,"Rice","PAK"
2015-03-01,318,"Rice","PAK"
2015-04-01,333,"Rice","PAK"
2015-05-01,352.6,"Rice","PAK"
2015-06-01,346,"Rice","PAK"
2015-07-01,331.8,"Rice","PAK"
2015-08-01,323.8,"Rice","PAK"
2015-09-01,303,"Rice","PAK"
2015-10-01,285.6,"Rice","PAK"
2015-11-01,287.3,"Rice","PAK"
2015-12-01,296.3,"Rice","PAK"
2016-01-01,302.6,"Rice","PAK"
2016-02-01,310,"Rice","PAK"
2016-03-01,308.8,"Rice","PAK"
2016-04-01,317.4,"Rice","PAK"
2016-05-01,347.5,"Rice","PAK"
2016-06-01,360,"Rice","PAK"
2016-07-01,367,"Rice","PAK"
2016-08-01,346.3,"Rice","PAK"
2016-09-01,318.2,"Rice","PAK"
2016-10-01,309,"Rice","PAK"
2016-11-01,317,"Rice","PAK"
2016-12-01,321.4,"Rice","PAK"
2017-01-01,339.5,"Rice","PAK"
2017-02-01,343.75,"Rice","PAK"
2017-03-01,338.2,"Rice","PAK"
2017-04-01,355,"Rice","PAK"
2017-05-01,366.5,"Rice","PAK"
2017-06-01,373,"Rice","PAK"
2017-07-01,367.25,"Rice","PAK"
2017-08-01,345.75,"Rice","PAK"
2017-09-01,343.6,"Rice","PAK"
2017-10-01,338.75,"Rice","PAK"
2017-11-01,343,"Rice","PAK"
2017-12-01,340.8,"Rice","PAK"
2009-01-01,360,"Rice","VIN"
2009-02-01,393.33,"Rice","VIN"
2009-03-01,400,"Rice","VIN"
2009-04-01,400,"Rice","VIN"
2009-05-01,376.67,"Rice","VIN"
2009-06-01,361.67,"Rice","VIN"
2009-07-01,358.75,"Rice","VIN"
2009-08-01,345,"Rice","VIN"
2009-09-01,332.5,"Rice","VIN"
2009-10-01,360,"Rice","VIN"
2009-11-01,432.5,"Rice","VIN"
2009-12-01,487.5,"Rice","VIN"
2010-01-01,451.25,"Rice","VIN"
2010-02-01,401.25,"Rice","VIN"
2010-03-01,361.25,"Rice","VIN"
2010-04-01,328,"Rice","VIN"
2010-05-01,331.67,"Rice","VIN"
2010-06-01,343,"Rice","VIN"
2010-07-01,325.4,"Rice","VIN"
2010-08-01,332.5,"Rice","VIN"
2010-09-01,427,"Rice","VIN"
2010-10-01,432.5,"Rice","VIN"
2010-11-01,451.67,"Rice","VIN"
2010-12-01,458.5,"Rice","VIN"
2011-01-01,455,"Rice","VIN"
2011-02-01,420,"Rice","VIN"
2011-03-01,425.75,"Rice","VIN"
2011-04-01,421.2,"Rice","VIN"
2011-05-01,438,"Rice","VIN"
2011-06-01,430.5,"Rice","VIN"
2011-07-01,466,"Rice","VIN"
2011-08-01,530,"Rice","VIN"
2011-09-01,515,"Rice","VIN"
2011-10-01,524,"Rice","VIN"
2011-11-01,515,"Rice","VIN"
2011-12-01,464,"Rice","VIN"
2012-01-01,410,"Rice","VIN"
2012-02-01,395,"Rice","VIN"
2012-03-01,387,"Rice","VIN"
2012-04-01,384,"Rice","VIN"
2012-05-01,388,"Rice","VIN"
2012-06-01,369,"Rice","VIN"
2012-07-01,379,"Rice","VIN"
2012-08-01,407,"Rice","VIN"
2012-09-01,421,"Rice","VIN"
2012-10-01,420,"Rice","VIN"
2012-11-01,418,"Rice","VIN"
2012-12-01,384,"Rice","VIN"
2013-01-01,373,"Rice","VIN"
2013-02-01,369,"Rice","VIN"
2013-03-01,369,"Rice","VIN"
2013-04-01,361,"Rice","VIN"
2013-05-01,352,"Rice","VIN"
2013-06-01,341,"Rice","VIN"
2013-07-01,352,"Rice","VIN"
2013-08-01,362,"Rice","VIN"
2013-09-01,340,"Rice","VIN"
2013-10-01,362,"Rice","VIN"
2013-11-01,375,"Rice","VIN"
2013-12-01,398,"Rice","VIN"
2014-01-01,380,"Rice","VIN"
2014-02-01,368,"Rice","VIN"
2014-03-01,358,"Rice","VIN"
2014-04-01,356,"Rice","VIN"
2014-05-01,364,"Rice","VIN"
2014-06-01,365,"Rice","VIN"
2014-07-01,379,"Rice","VIN"
2014-08-01,409,"Rice","VIN"
2014-09-01,408,"Rice","VIN"
2014-10-01,403,"Rice","VIN"
2014-11-01,379,"Rice","VIN"
2014-12-01,355,"Rice","VIN"
2015-01-01,349,"Rice","VIN"
2015-02-01,334,"Rice","VIN"
2015-03-01,345,"Rice","VIN"
2015-04-01,340,"Rice","VIN"
2015-05-01,333.4,"Rice","VIN"
2015-06-01,332.8,"Rice","VIN"
2015-07-01,323,"Rice","VIN"
2015-08-01,315.8,"Rice","VIN"
2015-09-01,314.5,"Rice","VIN"
2015-10-01,332.2,"Rice","VIN"
2015-11-01,345,"Rice","VIN"
2015-12-01,345,"Rice","VIN"
2016-01-01,340.4,"Rice","VIN"
2016-02-01,330.3,"Rice","VIN"
2016-03-01,341.3,"Rice","VIN"
2016-04-01,345.2,"Rice","VIN"
2016-05-01,345.8,"Rice","VIN"
2016-06-01,337.3,"Rice","VIN"
2016-07-01,332,"Rice","VIN"
2016-08-01,327.5,"Rice","VIN"
2016-09-01,319.2,"Rice","VIN"
2016-10-01,316.75,"Rice","VIN"
2016-11-01,324,"Rice","VIN"
2016-12-01,320,"Rice","VIN"
2017-01-01,321.5,"Rice","VIN"
2017-02-01,326.25,"Rice","VIN"
2017-03-01,333,"Rice","VIN"
2017-04-01,328.5,"Rice","VIN"
2017-05-01,331.5,"Rice","VIN"
2017-06-01,378.4,"Rice","VIN"
2017-07-01,374.5,"Rice","VIN"
2017-08-01,371.75,"Rice","VIN"
2017-09-01,357,"Rice","VIN"
2017-10-01,364.75,"Rice","VIN"
2017-11-01,363.25,"Rice","VIN"
2017-12-01,363.8,"Rice","VIN"
2009-01-01,342.65,"Wheat","CAN"
2009-02-01,318.81,"Wheat","CAN"
2009-03-01,307.08,"Wheat","CAN"
2009-04-01,384.55,"Wheat","CAN"
2009-05-01,384.7,"Wheat","CAN"
2009-06-01,366.53,"Wheat","CAN"
2009-07-01,319.94,"Wheat","CAN"
2009-08-01,287.06,"Wheat","CAN"
2009-09-01,280.74,"Wheat","CAN"
2009-10-01,289.86,"Wheat","CAN"
2009-11-01,306.97,"Wheat","CAN"
2009-12-01,303.11,"Wheat","CAN"
2010-01-01,286.25,"Wheat","CAN"
2010-02-01,282.5,"Wheat","CAN"
2010-03-01,271.25,"Wheat","CAN"
2010-04-01,268.2,"Wheat","CAN"
2010-05-01,257.25,"Wheat","CAN"
2010-06-01,264.5,"Wheat","CAN"
2010-07-01,296.4,"Wheat","CAN"
2010-08-01,329.5,"Wheat","CAN"
2010-09-01,368.35,"Wheat","CAN"
2010-10-01,367,"Wheat","CAN"
2010-11-01,376.8,"Wheat","CAN"
2010-12-01,419.75,"Wheat","CAN"
2011-01-01,436.5,"Wheat","CAN"
2011-02-01,472.75,"Wheat","CAN"
2011-03-01,433,"Wheat","CAN"
2011-04-01,466,"Wheat","CAN"
2011-05-01,481.4,"Wheat","CAN"
2011-06-01,482.25,"Wheat","CAN"
2011-07-01,448.25,"Wheat","CAN"
2011-08-01,437.8,"Wheat","CAN"
2011-09-01,412.5,"Wheat","CAN"
2011-10-01,414.75,"Wheat","CAN"
2011-11-01,409.4,"Wheat","CAN"
2011-12-01,397.25,"Wheat","CAN"
2012-01-01,385,"Wheat","CAN"
2012-02-01,380.5,"Wheat","CAN"
2012-03-01,371,"Wheat","CAN"
2012-04-01,384,"Wheat","CAN"
2012-05-01,385.881917459216,"Wheat","CAN"
2012-06-01,385.779827184048,"Wheat","CAN"
2012-07-01,385.323629051994,"Wheat","CAN"
2012-08-01,384.803869642809,"Wheat","CAN"
2012-09-01,384.270685716259,"Wheat","CAN"
2012-10-01,383.723438057348,"Wheat","CAN"
2012-11-01,383.108293753319,"Wheat","CAN"
2012-12-01,382.114612272558,"Wheat","CAN"
2013-01-01,379,"Wheat","CAN"
2013-02-01,364,"Wheat","CAN"
2013-03-01,355.75,"Wheat","CAN"
2013-04-01,358.8,"Wheat","CAN"
2013-05-01,362.5,"Wheat","CAN"
2013-06-01,355,"Wheat","CAN"
2013-07-01,345.2,"Wheat","CAN"
2013-08-01,335,"Wheat","CAN"
2013-09-01,320,"Wheat","CAN"
2013-10-01,322.4,"Wheat","CAN"
2013-11-01,303.25,"Wheat","CAN"
2013-12-01,275,"Wheat","CAN"
2014-01-01,277.454521641255,"Wheat","CAN"
2014-02-01,285.384462385683,"Wheat","CAN"
2014-03-01,294.270569786612,"Wheat","CAN"
2014-04-01,303.210130651338,"Wheat","CAN"
2014-05-01,311.502610506488,"Wheat","CAN"
2014-06-01,316,"Wheat","CAN"
2014-07-01,299.2,"Wheat","CAN"
2014-08-01,295.75,"Wheat","CAN"
2014-09-01,295,"Wheat","CAN"
2014-10-01,297.75,"Wheat","CAN"
2014-11-01,301.25,"Wheat","CAN"
2014-12-01,327.2,"Wheat","CAN"
2015-01-01,301.75,"Wheat","CAN"
2015-02-01,283,"Wheat","CAN"
2015-03-01,262.8,"Wheat","CAN"
2015-04-01,248.5,"Wheat","CAN"
2015-05-01,237.5,"Wheat","CAN"
2015-06-01,251.2,"Wheat","CAN"
2015-07-01,249.5,"Wheat","CAN"
2015-08-01,223,"Wheat","CAN"
2015-09-01,231.2,"Wheat","CAN"
2015-10-01,235.25,"Wheat","CAN"
2015-11-01,229.5,"Wheat","CAN"
2015-12-01,234.4,"Wheat","CAN"
2016-01-01,229.5,"Wheat","CAN"
2016-02-01,225.25,"Wheat","CAN"
2016-03-01,224.8,"Wheat","CAN"
2016-04-01,231.5,"Wheat","CAN"
2016-05-01,226.6,"Wheat","CAN"
2016-06-01,225.75,"Wheat","CAN"
2016-07-01,209.5,"Wheat","CAN"
2016-08-01,203.2,"Wheat","CAN"
2016-09-01,202.75,"Wheat","CAN"
2016-10-01,215.5,"Wheat","CAN"
2016-11-01,209.6,"Wheat","CAN"
2016-12-01,219.25,"Wheat","CAN"
2017-01-01,225.8,"Wheat","CAN"
2017-02-01,223.75,"Wheat","CAN"
2017-03-01,215.75,"Wheat","CAN"
2017-04-01,216.75,"Wheat","CAN"
2017-05-01,223.8,"Wheat","CAN"
2017-06-01,258.75,"Wheat","CAN"
2017-07-01,310.5,"Wheat","CAN"
2017-08-01,278,"Wheat","CAN"
2017-09-01,266,"Wheat","CAN"
2017-10-01,257.4,"Wheat","CAN"
2017-11-01,259,"Wheat","CAN"
2017-12-01,252.5,"Wheat","CAN"
2009-01-01,192.95,"Wheat","USA"
2009-02-01,182.73,"Wheat","USA"
2009-03-01,185.61,"Wheat","USA"
2009-04-01,180.43,"Wheat","USA"
2009-05-01,200.94,"Wheat","USA"
2009-06-01,201.28,"Wheat","USA"
2009-07-01,175.08,"Wheat","USA"
2009-08-01,161.44,"Wheat","USA"
2009-09-01,158.25,"Wheat","USA"
2009-10-01,175.43,"Wheat","USA"
2009-11-01,203.74,"Wheat","USA"
2009-12-01,207.01,"Wheat","USA"
2010-01-01,196.64,"Wheat","USA"
2010-02-01,192.24,"Wheat","USA"
2010-03-01,190.75,"Wheat","USA"
2010-04-01,187,"Wheat","USA"
2010-05-01,190.03,"Wheat","USA"
2010-06-01,182.58,"Wheat","USA"
2010-07-01,217.77,"Wheat","USA"
2010-08-01,257,"Wheat","USA"
2010-09-01,276.4,"Wheat","USA"
2010-10-01,265.84,"Wheat","USA"
2010-11-01,275.94,"Wheat","USA"
2010-12-01,309.91,"Wheat","USA"
2011-01-01,316.75,"Wheat","USA"
2011-02-01,336.34,"Wheat","USA"
2011-03-01,302.45,"Wheat","USA"
2011-04-01,317.62,"Wheat","USA"
2011-05-01,309.01,"Wheat","USA"
2011-06-01,282.28,"Wheat","USA"
2011-07-01,264.49,"Wheat","USA"
2011-08-01,279.87,"Wheat","USA"
2011-09-01,269.6,"Wheat","USA"
2011-10-01,254.74,"Wheat","USA"
2011-11-01,255.93,"Wheat","USA"
2011-12-01,246.32,"Wheat","USA"
2012-01-01,257.5,"Wheat","USA"
2012-02-01,262.35,"Wheat","USA"
2012-03-01,258.76,"Wheat","USA"
2012-04-01,254.7,"Wheat","USA"
2012-05-01,251.89,"Wheat","USA"
2012-06-01,250.29,"Wheat","USA"
2012-07-01,318.01,"Wheat","USA"
2012-08-01,331.65,"Wheat","USA"
2012-09-01,340.52,"Wheat","USA"
2012-10-01,338.59,"Wheat","USA"
2012-11-01,346.44,"Wheat","USA"
2012-12-01,325.06,"Wheat","USA"
2013-01-01,310.85,"Wheat","USA"
2013-02-01,296.56,"Wheat","USA"
2013-03-01,285.77,"Wheat","USA"
2013-04-01,278.68,"Wheat","USA"
2013-05-01,277.55,"Wheat","USA"
2013-06-01,269.56,"Wheat","USA"
2013-07-01,257.46,"Wheat","USA"
2013-08-01,251.44,"Wheat","USA"
2013-09-01,257.59,"Wheat","USA"
2013-10-01,288.62,"Wheat","USA"
2013-11-01,274.24,"Wheat","USA"
2013-12-01,266.89,"Wheat","USA"
2014-01-01,247.79,"Wheat","USA"
2014-02-01,260.62,"Wheat","USA"
2014-03-01,285.31,"Wheat","USA"
2014-04-01,280.61,"Wheat","USA"
2014-05-01,270.66,"Wheat","USA"
2014-06-01,235.16,"Wheat","USA"
2014-07-01,217.94,"Wheat","USA"
2014-08-01,218.9,"Wheat","USA"
2014-09-01,204.33,"Wheat","USA"
2014-10-01,222.94,"Wheat","USA"
2014-11-01,235.64,"Wheat","USA"
2014-12-01,260.97,"Wheat","USA"
2015-01-01,233.2,"Wheat","USA"
2015-02-01,220.5,"Wheat","USA"
2015-03-01,218.84,"Wheat","USA"
2015-04-01,209.04,"Wheat","USA"
2015-05-01,199.13,"Wheat","USA"
2015-06-01,211.47,"Wheat","USA"
2015-07-01,208.27,"Wheat","USA"
2015-08-01,190.01,"Wheat","USA"
2015-09-01,194.55,"Wheat","USA"
2015-10-01,207.67,"Wheat","USA"
2015-11-01,200.85,"Wheat","USA"
2015-12-01,191.49,"Wheat","USA"
2016-01-01,192.47,"Wheat","USA"
2016-02-01,188.58,"Wheat","USA"
2016-03-01,189.48,"Wheat","USA"
2016-04-01,193.36,"Wheat","USA"
2016-05-01,188.96,"Wheat","USA"
2016-06-01,185.58,"Wheat","USA"
2016-07-01,168.06,"Wheat","USA"
2016-08-01,157.46,"Wheat","USA"
2016-09-01,157.58,"Wheat","USA"
2016-10-01,163.69,"Wheat","USA"
2016-11-01,166.65,"Wheat","USA"
2016-12-01,162.27,"Wheat","USA"
2017-01-01,172.93,"Wheat","USA"
2017-02-01,180.37,"Wheat","USA"
2017-03-01,176.23,"Wheat","USA"
2017-04-01,173.2,"Wheat","USA"
2017-05-01,174.51,"Wheat","USA"
2017-06-01,182.34,"Wheat","USA"
2017-07-01,205.51,"Wheat","USA"
2017-08-01,173.19,"Wheat","USA"
2017-09-01,176.3,"Wheat","USA"
2017-10-01,176.62,"Wheat","USA"
2017-11-01,175.66,"Wheat","USA"
2017-12-01,171.48,"Wheat","USA"
2009-01-01,208.8,"Wheat","AUS"
2009-02-01,210.75,"Wheat","AUS"
2009-03-01,217.75,"Wheat","AUS"
2009-04-01,220.75,"Wheat","AUS"
2009-05-01,240.2,"Wheat","AUS"
2009-06-01,265,"Wheat","AUS"
2009-07-01,243.8,"Wheat","AUS"
2009-08-01,222.25,"Wheat","AUS"
2009-09-01,204,"Wheat","AUS"
2009-10-01,202.8,"Wheat","AUS"
2009-11-01,210.25,"Wheat","AUS"
2009-12-01,209,"Wheat","AUS"
2010-01-01,203,"Wheat","AUS"
2010-02-01,191.5,"Wheat","AUS"
2010-03-01,186.25,"Wheat","AUS"
2010-04-01,183.2,"Wheat","AUS"
2010-05-01,182.75,"Wheat","AUS"
2010-06-01,180.25,"Wheat","AUS"
2010-07-01,203,"Wheat","AUS"
2010-08-01,267.5,"Wheat","AUS"
2010-09-01,290.25,"Wheat","AUS"
2010-10-01,287.2,"Wheat","AUS"
2010-11-01,288.25,"Wheat","AUS"
2010-12-01,315.8,"Wheat","AUS"
2011-01-01,298.25,"Wheat","AUS"
2011-02-01,301.75,"Wheat","AUS"
2011-03-01,282.75,"Wheat","AUS"
2011-04-01,285.2,"Wheat","AUS"
2011-05-01,274.75,"Wheat","AUS"
2011-06-01,271.25,"Wheat","AUS"
2011-07-01,243,"Wheat","AUS"
2011-08-01,255.8,"Wheat","AUS"
2011-09-01,252.25,"Wheat","AUS"
2011-10-01,234,"Wheat","AUS"
2011-11-01,234.8,"Wheat","AUS"
2011-12-01,226,"Wheat","AUS"
2012-01-01,247,"Wheat","AUS"
2012-02-01,256.25,"Wheat","AUS"
2012-03-01,246.5,"Wheat","AUS"
2012-04-01,247.25,"Wheat","AUS"
2012-05-01,266.4,"Wheat","AUS"
2012-06-01,278,"Wheat","AUS"
2012-07-01,333,"Wheat","AUS"
2012-08-01,347,"Wheat","AUS"
2012-09-01,345.25,"Wheat","AUS"
2012-10-01,343.4,"Wheat","AUS"
2012-11-01,340,"Wheat","AUS"
2012-12-01,338.75,"Wheat","AUS"
2013-01-01,325.6,"Wheat","AUS"
2013-02-01,305.75,"Wheat","AUS"
2013-03-01,299.25,"Wheat","AUS"
2013-04-01,304.6,"Wheat","AUS"
2013-05-01,309.5,"Wheat","AUS"
2013-06-01,302.25,"Wheat","AUS"
2013-07-01,293.8,"Wheat","AUS"
2013-08-01,294,"Wheat","AUS"
2013-09-01,291.5,"Wheat","AUS"
2013-10-01,283,"Wheat","AUS"
2013-11-01,276.25,"Wheat","AUS"
2013-12-01,266.6,"Wheat","AUS"
2014-01-01,252.5,"Wheat","AUS"
2014-02-01,260.25,"Wheat","AUS"
2014-03-01,281.25,"Wheat","AUS"
2014-04-01,287.2,"Wheat","AUS"
2014-05-01,291.25,"Wheat","AUS"
2014-06-01,275.5,"Wheat","AUS"
2014-07-01,259.4,"Wheat","AUS"
2014-08-01,258.25,"Wheat","AUS"
2014-09-01,257,"Wheat","AUS"
2014-10-01,264.25,"Wheat","AUS"
2014-11-01,268,"Wheat","AUS"
2014-12-01,266,"Wheat","AUS"
2015-01-01,261.75,"Wheat","AUS"
2015-02-01,242.5,"Wheat","AUS"
2015-03-01,234.6,"Wheat","AUS"
2015-04-01,237,"Wheat","AUS"
2015-05-01,236,"Wheat","AUS"
2015-06-01,245.4,"Wheat","AUS"
2015-07-01,241.75,"Wheat","AUS"
2015-08-01,229.25,"Wheat","AUS"
2015-09-01,199.8,"Wheat","AUS"
2015-10-01,215.25,"Wheat","AUS"
2015-11-01,214,"Wheat","AUS"
2015-12-01,209,"Wheat","AUS"
2016-01-01,204.75,"Wheat","AUS"
2016-02-01,206.25,"Wheat","AUS"
2016-03-01,212.6,"Wheat","AUS"
2016-04-01,217.5,"Wheat","AUS"
2016-05-01,215.4,"Wheat","AUS"
2016-06-01,222,"Wheat","AUS"
2016-07-01,208,"Wheat","AUS"
2016-08-01,193.8,"Wheat","AUS"
2016-09-01,187.75,"Wheat","AUS"
2016-10-01,189,"Wheat","AUS"
2016-11-01,190.6,"Wheat","AUS"
2016-12-01,178.25,"Wheat","AUS"
2017-01-01,172.2,"Wheat","AUS"
2017-02-01,177.25,"Wheat","AUS"
2017-03-01,179.5,"Wheat","AUS"
2017-04-01,175,"Wheat","AUS"
2017-05-01,184.2,"Wheat","AUS"
2017-06-01,212,"Wheat","AUS"
2017-07-01,240.5,"Wheat","AUS"
2017-08-01,212.4,"Wheat","AUS"
2017-09-01,216,"Wheat","AUS"
2017-10-01,211.4,"Wheat","AUS"
2017-11-01,213.75,"Wheat","AUS"
2017-12-01,213.25,"Wheat","AUS"
2009-01-01,171.6,"Maize","USA"
2009-02-01,162.84,"Maize","USA"
2009-03-01,165.47,"Maize","USA"
2009-04-01,167.91,"Maize","USA"
2009-05-01,179.86,"Maize","USA"
2009-06-01,177.32,"Maize","USA"
2009-07-01,150.78,"Maize","USA"
2009-08-01,152.8,"Maize","USA"
2009-09-01,151.57,"Maize","USA"
2009-10-01,167.78,"Maize","USA"
2009-11-01,172.04,"Maize","USA"
2009-12-01,165.81,"Maize","USA"
2010-01-01,166.6,"Maize","USA"
2010-02-01,162.35,"Maize","USA"
2010-03-01,158.5,"Maize","USA"
2010-04-01,155.85,"Maize","USA"
2010-05-01,163.03,"Maize","USA"
2010-06-01,152.24,"Maize","USA"
2010-07-01,160.38,"Maize","USA"
2010-08-01,174.11,"Maize","USA"
2010-09-01,205.95,"Maize","USA"
2010-10-01,236.06,"Maize","USA"
2010-11-01,236.17,"Maize","USA"
2010-12-01,251.96,"Maize","USA"
2011-01-01,262.83,"Maize","USA"
2011-02-01,287.14,"Maize","USA"
2011-03-01,290.58,"Maize","USA"
2011-04-01,321.49,"Maize","USA"
2011-05-01,308.96,"Maize","USA"
2011-06-01,308.06,"Maize","USA"
2011-07-01,303.75,"Maize","USA"
2011-08-01,312.65,"Maize","USA"
2011-09-01,299.62,"Maize","USA"
2011-10-01,274.79,"Maize","USA"
2011-11-01,274.73,"Maize","USA"
2011-12-01,258.97,"Maize","USA"
2012-01-01,274.65,"Maize","USA"
2012-02-01,279.2,"Maize","USA"
2012-03-01,280.18,"Maize","USA"
2012-04-01,273.12,"Maize","USA"
2012-05-01,269.36,"Maize","USA"
2012-06-01,267.56,"Maize","USA"
2012-07-01,330.12,"Maize","USA"
2012-08-01,328.48,"Maize","USA"
2012-09-01,323.07,"Maize","USA"
2012-10-01,320.13,"Maize","USA"
2012-11-01,323.58,"Maize","USA"
2012-12-01,310.15,"Maize","USA"
2013-01-01,303.37,"Maize","USA"
2013-02-01,302.65,"Maize","USA"
2013-03-01,308.92,"Maize","USA"
2013-04-01,282.45,"Maize","USA"
2013-05-01,295.07,"Maize","USA"
2013-06-01,299.84,"Maize","USA"
2013-07-01,281.6,"Maize","USA"
2013-08-01,237.79,"Maize","USA"
2013-09-01,208.83,"Maize","USA"
2013-10-01,200.73,"Maize","USA"
2013-11-01,199.16,"Maize","USA"
2013-12-01,197.34,"Maize","USA"
2014-01-01,198.42,"Maize","USA"
2014-02-01,208.85,"Maize","USA"
2014-03-01,222.14,"Maize","USA"
2014-04-01,223.99,"Maize","USA"
2014-05-01,216.97,"Maize","USA"
2014-06-01,201.96,"Maize","USA"
2014-07-01,182.41,"Maize","USA"
2014-08-01,175.36,"Maize","USA"
2014-09-01,163.66,"Maize","USA"
2014-10-01,164.71,"Maize","USA"
2014-11-01,177.94,"Maize","USA"
2014-12-01,178.3,"Maize","USA"
2015-01-01,176.49,"Maize","USA"
2015-02-01,174.13,"Maize","USA"
2015-03-01,173.38,"Maize","USA"
2015-04-01,171.8,"Maize","USA"
2015-05-01,165.96,"Maize","USA"
2015-06-01,169.95,"Maize","USA"
2015-07-01,178.78,"Maize","USA"
2015-08-01,163.08,"Maize","USA"
2015-09-01,165.92,"Maize","USA"
2015-10-01,172.04,"Maize","USA"
2015-11-01,166.06,"Maize","USA"
2015-12-01,163.66,"Maize","USA"
2016-01-01,160.94,"Maize","USA"
2016-02-01,160.33,"Maize","USA"
2016-03-01,159.39,"Maize","USA"
2016-04-01,163.93,"Maize","USA"
2016-05-01,169.29,"Maize","USA"
2016-06-01,180.63,"Maize","USA"
2016-07-01,161.17,"Maize","USA"
2016-08-01,150.19,"Maize","USA"
2016-09-01,147.81,"Maize","USA"
2016-10-01,151.99,"Maize","USA"
2016-11-01,152.08,"Maize","USA"
2016-12-01,154.05,"Maize","USA"
2017-01-01,159.44,"Maize","USA"
2017-02-01,162.96,"Maize","USA"
2017-03-01,158.78,"Maize","USA"
2017-04-01,156.76,"Maize","USA"
2017-05-01,157.73,"Maize","USA"
2017-06-01,157.82,"Maize","USA"
2017-07-01,158.58,"Maize","USA"
2017-08-01,148.14,"Maize","USA"
2017-09-01,146.55,"Maize","USA"
2017-10-01,148.48,"Maize","USA"
2017-11-01,148.27,"Maize","USA"
2017-12-01,148.74,"Maize","USA"
2009-01-01,120.8,"Maize","UKR"
2009-02-01,152.3,"Maize","UKR"
2009-03-01,146.5,"Maize","UKR"
2009-04-01,152.5,"Maize","UKR"
2009-05-01,168.2,"Maize","UKR"
2009-06-01,187,"Maize","UKR"
2009-07-01,175,"Maize","UKR"
2009-08-01,172.5,"Maize","UKR"
2009-09-01,160,"Maize","UKR"
2009-10-01,162,"Maize","UKR"
2009-11-01,179,"Maize","UKR"
2009-12-01,187.8,"Maize","UKR"
2010-01-01,188.4,"Maize","UKR"
2010-02-01,185,"Maize","UKR"
2010-03-01,183,"Maize","UKR"
2010-04-01,181.4,"Maize","UKR"
2010-05-01,184.5,"Maize","UKR"
2010-06-01,183.8,"Maize","UKR"
2010-07-01,182,"Maize","UKR"
2010-08-01,230,"Maize","UKR"
2010-09-01,237.8,"Maize","UKR"
2010-10-01,251.8,"Maize","UKR"
2010-11-01,258.4,"Maize","UKR"
2010-12-01,260,"Maize","UKR"
2011-01-01,282.8,"Maize","UKR"
2011-02-01,300.3,"Maize","UKR"
2011-03-01,299,"Maize","UKR"
2011-04-01,312.2,"Maize","UKR"
2011-05-01,318.5,"Maize","UKR"
2011-06-01,332.5,"Maize","UKR"
2011-07-01,300.8,"Maize","UKR"
2011-08-01,284.3,"Maize","UKR"
2011-09-01,287.6,"Maize","UKR"
2011-10-01,249.3,"Maize","UKR"
2011-11-01,244,"Maize","UKR"
2011-12-01,232.2,"Maize","UKR"
2012-01-01,250.7,"Maize","UKR"
2012-02-01,262,"Maize","UKR"
2012-03-01,263.4,"Maize","UKR"
2012-04-01,268.8,"Maize","UKR"
2012-05-01,262.7,"Maize","UKR"
2012-06-01,236,"Maize","UKR"
2012-07-01,267.5,"Maize","UKR"
2012-08-01,305,"Maize","UKR"
2012-09-01,294.25,"Maize","UKR"
2012-10-01,286.5,"Maize","UKR"
2012-11-01,305.2,"Maize","UKR"
2012-12-01,305.3,"Maize","UKR"
2013-01-01,300.25,"Maize","UKR"
2013-02-01,293.25,"Maize","UKR"
2013-03-01,284.8,"Maize","UKR"
2013-04-01,267.5,"Maize","UKR"
2013-05-01,272,"Maize","UKR"
2013-06-01,285,"Maize","UKR"
2013-07-01,210.3,"Maize","UKR"
2013-08-01,194.6,"Maize","UKR"
2013-09-01,197.5,"Maize","UKR"
2013-10-01,196.5,"Maize","UKR"
2013-11-01,203.4,"Maize","UKR"
2013-12-01,206,"Maize","UKR"
2014-01-01,210,"Maize","UKR"
2014-02-01,223.5,"Maize","UKR"
2014-03-01,242.3,"Maize","UKR"
2014-04-01,245,"Maize","UKR"
2014-05-01,247.2,"Maize","UKR"
2014-06-01,239,"Maize","UKR"
2014-07-01,200.75,"Maize","UKR"
2014-08-01,185.4,"Maize","UKR"
2014-09-01,172,"Maize","UKR"
2014-10-01,172.4,"Maize","UKR"
2014-11-01,178.8,"Maize","UKR"
2014-12-01,186.8,"Maize","UKR"
2015-01-01,182.6,"Maize","UKR"
2015-02-01,172.5,"Maize","UKR"
2015-03-01,171.5,"Maize","UKR"
2015-04-01,173,"Maize","UKR"
2015-05-01,172.25,"Maize","UKR"
2015-06-01,173,"Maize","UKR"
2015-07-01,192.4,"Maize","UKR"
2015-08-01,186.75,"Maize","UKR"
2015-09-01,169.25,"Maize","UKR"
2015-10-01,168.2,"Maize","UKR"
2015-11-01,167.25,"Maize","UKR"
2015-12-01,167.25,"Maize","UKR"
2016-01-01,166.6,"Maize","UKR"
2016-02-01,170.25,"Maize","UKR"
2016-03-01,165.5,"Maize","UKR"
2016-04-01,173.4,"Maize","UKR"
2016-05-01,189.75,"Maize","UKR"
2016-06-01,204.5,"Maize","UKR"
2016-07-01,199.6,"Maize","UKR"
2016-08-01,198,"Maize","UKR"
2016-09-01,177.6,"Maize","UKR"
2016-10-01,168,"Maize","UKR"
2016-11-01,169,"Maize","UKR"
2016-12-01,169.6,"Maize","UKR"
2017-01-01,169.5,"Maize","UKR"
2017-02-01,170.75,"Maize","UKR"
2017-03-01,171,"Maize","UKR"
2017-04-01,171,"Maize","UKR"
2017-05-01,171,"Maize","UKR"
2017-06-01,171.8,"Maize","UKR"
2017-07-01,172,"Maize","UKR"
2017-08-01,177.75,"Maize","UKR"
2017-09-01,171.6,"Maize","UKR"
2017-10-01,163.25,"Maize","UKR"
2017-11-01,163,"Maize","UKR"
2017-12-01,164.4,"Maize","UKR"
